samples,n,algorithm,#AllCandidates,#Candidates,#Results_noAdjustement,grouping_time,#Results,Min_p_value,Max_p_value,Sum_p_value,Total Cov,p_value_adjustement_time
10.0,-1,TRAD_BY,136.0,136.0,129.0,15.33530616760254,125.0,0.0,0.0029003978291147,0.0095107310755637,0.6334964654703643,0.4107789993286133
10.0,-1,TRAD_BN,136.0,136.0,129.0,15.33530616760254,122.0,0.0,0.000291142251939,0.0019352758933517,0.6324089178901577,0.407599925994873
10.0,-1,COVER_G_BY,136.0,136.0,129.0,15.33530616760254,101.0,0.0,0.0027150848895553,0.0039792440224162,0.6334964654703643,0.7574589252471924
10.0,-1,COVER_G_BN,136.0,136.0,129.0,15.33530616760254,100.0,0.0,0.000291142251939,0.0012641591328609,0.6324089178901577,0.7527689933776855
10.0,-1,COVER_ùõÇ_20,136.0,136.0,129.0,15.33530616760254,96.0,0.0,8.565231553122837e-05,0.0004602578607941,0.6286025013594345,0.6451070308685303
10.0,-1,COVER_ùõÇ_50,136.0,136.0,129.0,15.33530616760254,90.0,0.0,2.9717691100511884e-05,0.0001517876025901,0.6220772158781946,0.6383078098297119
10.0,-1,COVER_ùõÇ_100,136.0,136.0,129.0,15.33530616760254,87.0,0.0,1.8907833970074623e-05,7.33881946175265e-05,0.6193583469276781,0.6308448314666748
10.0,-1,COVER_ùõÇ_200,136.0,136.0,129.0,15.33530616760254,85.0,0.0,1.183726815443964e-05,3.070253695355791e-05,0.6160957041870582,0.6296911239624023
10.0,25,TRAD_BY,136.0,136.0,129.0,15.33530616760254,25.0,0.0,3.3333738174027986e-41,5.226167881013924e-41,0.4197933659597607,0.3900759220123291
10.0,25,TRAD_BN,136.0,136.0,129.0,15.33530616760254,25.0,0.0,3.3333738174027986e-41,5.226167881013924e-41,0.4197933659597607,0.3902761936187744
10.0,25,COVER_G_BY,136.0,136.0,129.0,15.33530616760254,25.0,4.459665787588461e-250,1.183726815443964e-05,1.202339130995574e-05,0.5084284937466014,0.506561279296875
10.0,25,COVER_G_BN,136.0,136.0,129.0,15.33530616760254,25.0,4.459665787588461e-250,1.183726815443964e-05,1.202339130995574e-05,0.5084284937466014,0.4847152233123779
10.0,25,COVER_ùõÇ_20,136.0,136.0,129.0,15.33530616760254,25.0,4.459665787588461e-250,1.183726815443964e-05,1.2023622274498231e-05,0.5084284937466014,0.1546368598937988
10.0,25,COVER_ùõÇ_50,136.0,136.0,129.0,15.33530616760254,25.0,4.459665787588461e-250,1.183726815443964e-05,1.2023622274498231e-05,0.5084284937466014,0.1453049182891845
10.0,25,COVER_ùõÇ_100,136.0,136.0,129.0,15.33530616760254,25.0,4.459665787588461e-250,1.183726815443964e-05,1.2023622274498231e-05,0.5084284937466014,0.1538879871368408
10.0,25,COVER_ùõÇ_200,136.0,136.0,129.0,15.33530616760254,25.0,4.459665787588461e-250,1.183726815443964e-05,1.2023622274498231e-05,0.5084284937466014,0.1447348594665527
10.0,20,TRAD_BY,136.0,136.0,129.0,15.33530616760254,20.0,0.0,1.6196373792632418e-48,1.6196373792632418e-48,0.356715606307776,0.3884499073028564
10.0,20,TRAD_BN,136.0,136.0,129.0,15.33530616760254,20.0,0.0,1.6196373792632418e-48,1.6196373792632418e-48,0.356715606307776,0.3880739212036133
10.0,20,COVER_G_BY,136.0,136.0,129.0,15.33530616760254,20.0,4.459665787588461e-250,1.183726815443964e-05,1.1837268154601756e-05,0.4817835780315389,0.469459056854248
10.0,20,COVER_G_BN,136.0,136.0,129.0,15.33530616760254,20.0,4.459665787588461e-250,1.183726815443964e-05,1.1837268154601756e-05,0.4817835780315389,0.4665811061859131
10.0,20,COVER_ùõÇ_20,136.0,136.0,129.0,15.33530616760254,20.0,4.459665787588461e-250,1.183726815443964e-05,1.1837268154606142e-05,0.4817835780315389,0.1280288696289062
10.0,20,COVER_ùõÇ_50,136.0,136.0,129.0,15.33530616760254,20.0,4.459665787588461e-250,1.183726815443964e-05,1.1837268154606142e-05,0.4817835780315389,0.1248309612274169
10.0,20,COVER_ùõÇ_100,136.0,136.0,129.0,15.33530616760254,20.0,4.459665787588461e-250,1.183726815443964e-05,1.1837268154606142e-05,0.4817835780315389,0.1199638843536377
10.0,20,COVER_ùõÇ_200,136.0,136.0,129.0,15.33530616760254,20.0,4.459665787588461e-250,1.183726815443964e-05,1.1837268154606142e-05,0.4817835780315389,0.2054650783538818
10.0,15,TRAD_BY,136.0,136.0,129.0,15.33530616760254,15.0,0.0,2.013932919326308e-79,2.0169165181381372e-79,0.2501359434475258,0.3888821601867676
10.0,15,TRAD_BN,136.0,136.0,129.0,15.33530616760254,15.0,0.0,2.013932919326308e-79,2.0169165181381372e-79,0.2501359434475258,0.3884310722351074
10.0,15,COVER_G_BY,136.0,136.0,129.0,15.33530616760254,15.0,4.459665787588461e-250,4.079997475317632e-18,4.0799976009906945e-18,0.4437194127243067,0.4536638259887695
10.0,15,COVER_G_BN,136.0,136.0,129.0,15.33530616760254,15.0,4.459665787588461e-250,4.079997475317632e-18,4.0799976009906945e-18,0.4437194127243067,0.453974962234497
10.0,15,COVER_ùõÇ_20,136.0,136.0,129.0,15.33530616760254,15.0,4.459665787588461e-250,4.079997475317632e-18,4.0799976009906945e-18,0.4437194127243067,0.1116061210632324
10.0,15,COVER_ùõÇ_50,136.0,136.0,129.0,15.33530616760254,15.0,4.459665787588461e-250,4.079997475317632e-18,4.0799976009906945e-18,0.4437194127243067,0.101677656173706
10.0,15,COVER_ùõÇ_100,136.0,136.0,129.0,15.33530616760254,15.0,4.459665787588461e-250,4.079997475317632e-18,4.0799976009906945e-18,0.4437194127243067,0.0931301116943359
10.0,15,COVER_ùõÇ_200,136.0,136.0,129.0,15.33530616760254,15.0,4.459665787588461e-250,4.079997475317632e-18,4.0799976009906945e-18,0.4437194127243067,0.0889348983764648
10.0,10,TRAD_BY,136.0,136.0,129.0,15.33530616760254,10.0,0.0,0.0,0.0,0.0364328439369222,0.385308027267456
10.0,10,TRAD_BN,136.0,136.0,129.0,15.33530616760254,10.0,0.0,0.0,0.0,0.0364328439369222,0.385585069656372
10.0,10,COVER_G_BY,136.0,136.0,129.0,15.33530616760254,10.0,4.459665787588461e-250,1.2562784378797088e-25,1.2567306192620718e-25,0.3844480696030451,0.4365918636322021
10.0,10,COVER_G_BN,136.0,136.0,129.0,15.33530616760254,10.0,4.459665787588461e-250,1.2562784378797088e-25,1.2567306192620718e-25,0.3844480696030451,0.4431190490722656
10.0,10,COVER_ùõÇ_20,136.0,136.0,129.0,15.33530616760254,10.0,4.459665787588461e-250,1.2562784378797088e-25,1.2567306192620718e-25,0.3844480696030451,0.0848097801208496
10.0,10,COVER_ùõÇ_50,136.0,136.0,129.0,15.33530616760254,10.0,4.459665787588461e-250,1.2562784378797088e-25,1.2567306192620718e-25,0.3844480696030451,0.0743501186370849
10.0,10,COVER_ùõÇ_100,136.0,136.0,129.0,15.33530616760254,10.0,4.459665787588461e-250,1.2562784378797088e-25,1.2567306192620718e-25,0.3844480696030451,0.0644159317016601
10.0,10,COVER_ùõÇ_200,136.0,136.0,129.0,15.33530616760254,10.0,4.459665787588461e-250,1.2562784378797088e-25,1.2567306192620718e-25,0.3844480696030451,0.0622591972351074
10.0,5,TRAD_BY,136.0,136.0,129.0,15.33530616760254,5.0,0.0,0.0,0.0,0.019032082653616,0.3837299346923828
10.0,5,TRAD_BN,136.0,136.0,129.0,15.33530616760254,5.0,0.0,0.0,0.0,0.019032082653616,0.3836040496826172
10.0,5,COVER_G_BY,136.0,136.0,129.0,15.33530616760254,5.0,4.459665787588461e-250,1.0653359509127396e-45,1.0653359509127396e-45,0.2827623708537248,0.4174742698669433
10.0,5,COVER_G_BN,136.0,136.0,129.0,15.33530616760254,5.0,4.459665787588461e-250,1.0653359509127396e-45,1.0653359509127396e-45,0.2827623708537248,0.4125640392303467
10.0,5,COVER_ùõÇ_20,136.0,136.0,129.0,15.33530616760254,5.0,4.459665787588461e-250,1.0653359509127396e-45,1.0653359509127396e-45,0.2827623708537248,0.0333771705627441
10.0,5,COVER_ùõÇ_50,136.0,136.0,129.0,15.33530616760254,5.0,4.459665787588461e-250,1.0653359509127396e-45,1.0653359509127396e-45,0.2827623708537248,0.0315868854522705
10.0,5,COVER_ùõÇ_100,136.0,136.0,129.0,15.33530616760254,5.0,4.459665787588461e-250,1.0653359509127396e-45,1.0653359509127396e-45,0.2827623708537248,0.0314688682556152
10.0,5,COVER_ùõÇ_200,136.0,136.0,129.0,15.33530616760254,5.0,4.459665787588461e-250,1.0653359509127396e-45,1.0653359509127396e-45,0.2827623708537248,0.0374600887298584
20.0,-1,TRAD_BY,272.0,272.0,255.0,15.33530616760254,251.0,0.0,0.0072910465729428,0.0493855943248964,0.8297988036976618,0.7826251983642578
20.0,-1,TRAD_BN,272.0,272.0,255.0,15.33530616760254,224.0,0.0,0.0001881040212159,0.0017636739271996,0.8183795541054921,0.7733871936798096
20.0,-1,COVER_G_BY,272.0,272.0,255.0,15.33530616760254,143.0,0.0,0.0069588762488348,0.0154960743486141,0.8297988036976618,1.3284430503845217
20.0,-1,COVER_G_BN,272.0,272.0,255.0,15.33530616760254,135.0,0.0,0.000149903830685,0.0007694202842649,0.8183795541054921,1.3277201652526855
20.0,-1,COVER_ùõÇ_20,272.0,272.0,255.0,15.33530616760254,132.0,0.0,7.775969454923278e-05,0.0002681929423908,0.8162044589450789,0.9561049938201904
20.0,-1,COVER_ùõÇ_50,272.0,272.0,255.0,15.33530616760254,128.0,0.0,2.0246291858225547e-05,8.323108732267843e-05,0.8134855899945622,0.9084258079528807
20.0,-1,COVER_ùõÇ_100,272.0,272.0,255.0,15.33530616760254,126.0,0.0,7.919630629533823e-06,3.870136518324697e-05,0.8123980424143556,0.8707230091094971
20.0,-1,COVER_ùõÇ_200,272.0,272.0,255.0,15.33530616760254,125.0,0.0,7.057018838834694e-06,3.078173455371315e-05,0.8118542686242524,0.9102580547332764
20.0,25,TRAD_BY,272.0,272.0,255.0,15.33530616760254,25.0,0.0,0.0,0.0,0.10984230560087,0.7393321990966797
20.0,25,TRAD_BN,272.0,272.0,255.0,15.33530616760254,25.0,0.0,0.0,0.0,0.10984230560087,0.7392373085021973
20.0,25,COVER_G_BY,272.0,272.0,255.0,15.33530616760254,25.0,0.0,0.0069588762488348,0.0069588762488351,0.6492659053833605,0.8481888771057129
20.0,25,COVER_G_BN,272.0,272.0,255.0,15.33530616760254,25.0,0.0,3.257798271469266e-16,3.482987812671787e-16,0.6481783578031539,0.876765251159668
20.0,25,COVER_ùõÇ_20,272.0,272.0,255.0,15.33530616760254,25.0,0.0,3.318183743473372e-11,3.318218573351498e-11,0.6481783578031539,0.1891310214996338
20.0,25,COVER_ùõÇ_50,272.0,272.0,255.0,15.33530616760254,25.0,0.0,3.318183743473372e-11,3.318218573351498e-11,0.6481783578031539,0.2151088714599609
20.0,25,COVER_ùõÇ_100,272.0,272.0,255.0,15.33530616760254,25.0,0.0,3.318183743473372e-11,3.318218573351498e-11,0.6481783578031539,0.2187540531158447
20.0,25,COVER_ùõÇ_200,272.0,272.0,255.0,15.33530616760254,25.0,0.0,3.318183743473372e-11,3.318218573351498e-11,0.6481783578031539,0.2010831832885742
20.0,20,TRAD_BY,272.0,272.0,255.0,15.33530616760254,20.0,0.0,0.0,0.0,0.0940728656878738,0.7392861843109131
20.0,20,TRAD_BN,272.0,272.0,255.0,15.33530616760254,20.0,0.0,0.0,0.0,0.0940728656878738,0.7389130592346191
20.0,20,COVER_G_BY,272.0,272.0,255.0,15.33530616760254,20.0,0.0,0.0069588762488348,0.0069588762488351,0.6193583469276781,0.8534359931945801
20.0,20,COVER_G_BN,272.0,272.0,255.0,15.33530616760254,20.0,0.0,3.257798271469266e-16,3.3451051551492564e-16,0.6182707993474714,0.8559763431549072
20.0,20,COVER_ùõÇ_20,272.0,272.0,255.0,15.33530616760254,20.0,0.0,3.257798271469266e-16,3.345105155149256e-16,0.6182707993474714,0.1497261524200439
20.0,20,COVER_ùõÇ_50,272.0,272.0,255.0,15.33530616760254,20.0,0.0,3.257798271469266e-16,3.345105155149256e-16,0.6182707993474714,0.1597790718078613
20.0,20,COVER_ùõÇ_100,272.0,272.0,255.0,15.33530616760254,20.0,0.0,3.257798271469266e-16,3.345105155149256e-16,0.6182707993474714,0.1537599563598632
20.0,20,COVER_ùõÇ_200,272.0,272.0,255.0,15.33530616760254,20.0,0.0,3.257798271469266e-16,3.345105155149256e-16,0.6182707993474714,0.1469500064849853
20.0,15,TRAD_BY,272.0,272.0,255.0,15.33530616760254,15.0,0.0,0.0,0.0,0.0750407830342577,0.735936164855957
20.0,15,TRAD_BN,272.0,272.0,255.0,15.33530616760254,15.0,0.0,0.0,0.0,0.0750407830342577,0.7356202602386475
20.0,15,COVER_G_BY,272.0,272.0,255.0,15.33530616760254,15.0,0.0,3.257798271469266e-16,3.257798271531625e-16,0.5753126699293094,0.8077471256256104
20.0,15,COVER_G_BN,272.0,272.0,255.0,15.33530616760254,15.0,0.0,3.257798271469266e-16,3.257798271531625e-16,0.5753126699293094,0.8099880218505859
20.0,15,COVER_ùõÇ_20,272.0,272.0,255.0,15.33530616760254,15.0,0.0,3.6293565833869667e-19,3.6293566457465513e-19,0.5753126699293094,0.1310780048370361
20.0,15,COVER_ùõÇ_50,272.0,272.0,255.0,15.33530616760254,15.0,0.0,3.6293565833869667e-19,3.6293566457465513e-19,0.5753126699293094,0.1359221935272216
20.0,15,COVER_ùõÇ_100,272.0,272.0,255.0,15.33530616760254,15.0,0.0,3.6293565833869667e-19,3.6293566457465513e-19,0.5753126699293094,0.1194171905517578
20.0,15,COVER_ùõÇ_200,272.0,272.0,255.0,15.33530616760254,15.0,0.0,3.6293565833869667e-19,3.6293566457465513e-19,0.5753126699293094,0.1070411205291748
20.0,10,TRAD_BY,272.0,272.0,255.0,15.33530616760254,10.0,0.0,0.0,0.0,0.053289831430125,0.7349951267242432
20.0,10,TRAD_BN,272.0,272.0,255.0,15.33530616760254,10.0,0.0,0.0,0.0,0.053289831430125,0.7337379455566406
20.0,10,COVER_G_BY,272.0,272.0,255.0,15.33530616760254,10.0,0.0,6.235958476547906e-27,6.235958476547906e-27,0.5095160413268081,0.7830893993377686
20.0,10,COVER_G_BN,272.0,272.0,255.0,15.33530616760254,10.0,0.0,6.235958476547906e-27,6.235958476547906e-27,0.5095160413268081,0.789959192276001
20.0,10,COVER_ùõÇ_20,272.0,272.0,255.0,15.33530616760254,10.0,0.0,6.235958476547906e-27,6.235958476547906e-27,0.5095160413268081,0.0838451385498046
20.0,10,COVER_ùõÇ_50,272.0,272.0,255.0,15.33530616760254,10.0,0.0,6.235958476547906e-27,6.235958476547906e-27,0.5095160413268081,0.0667829513549804
20.0,10,COVER_ùõÇ_100,272.0,272.0,255.0,15.33530616760254,10.0,0.0,6.235958476547906e-27,6.235958476547906e-27,0.5095160413268081,0.0701758861541748
20.0,10,COVER_ùõÇ_200,272.0,272.0,255.0,15.33530616760254,10.0,0.0,6.235958476547906e-27,6.235958476547906e-27,0.5095160413268081,0.0792391300201416
20.0,5,TRAD_BY,272.0,272.0,255.0,15.33530616760254,5.0,0.0,0.0,0.0,0.0244698205546492,0.7328484058380127
20.0,5,TRAD_BN,272.0,272.0,255.0,15.33530616760254,5.0,0.0,0.0,0.0,0.0244698205546492,0.7330403327941895
20.0,5,COVER_G_BY,272.0,272.0,255.0,15.33530616760254,5.0,0.0,2.821581641916003e-57,2.821581641916003e-57,0.3931484502446982,0.7760181427001953
20.0,5,COVER_G_BN,272.0,272.0,255.0,15.33530616760254,5.0,0.0,2.821581641916003e-57,2.821581641916003e-57,0.3931484502446982,0.773888111114502
20.0,5,COVER_ùõÇ_20,272.0,272.0,255.0,15.33530616760254,5.0,0.0,2.821581641916003e-57,2.821581641916003e-57,0.3931484502446982,0.034775972366333
20.0,5,COVER_ùõÇ_50,272.0,272.0,255.0,15.33530616760254,5.0,0.0,2.821581641916003e-57,2.821581641916003e-57,0.3931484502446982,0.0350978374481201
20.0,5,COVER_ùõÇ_100,272.0,272.0,255.0,15.33530616760254,5.0,0.0,2.821581641916003e-57,2.821581641916003e-57,0.3931484502446982,0.03922700881958
20.0,5,COVER_ùõÇ_200,272.0,272.0,255.0,15.33530616760254,5.0,0.0,2.821581641916003e-57,2.821581641916003e-57,0.3931484502446982,0.0434949398040771
30.0,-1,TRAD_BY,409.0,409.0,389.0,15.33530616760254,381.0,0.0,0.0074386561863514,0.0708694462549277,0.9097335508428492,1.20070481300354
30.0,-1,TRAD_BN,409.0,409.0,389.0,15.33530616760254,341.0,0.0,0.0001135030859659,0.001215412181043,0.9021207177814028,1.184619665145874
30.0,-1,COVER_G_BY,409.0,409.0,389.0,15.33530616760254,142.0,0.0,0.0054036711430939,0.015217870899147,0.9097335508428492,1.6731367111206057
30.0,-1,COVER_G_BN,409.0,409.0,389.0,15.33530616760254,133.0,0.0,0.0001135030859659,0.0003196513413932,0.9021207177814028,1.6818935871124268
30.0,-1,COVER_ùõÇ_20,409.0,409.0,389.0,15.33530616760254,130.0,0.0,2.0937901795597005e-05,4.721611654205765e-05,0.9004893964110929,0.9067261219024658
30.0,-1,COVER_ùõÇ_50,409.0,409.0,389.0,15.33530616760254,130.0,0.0,2.0937901795597005e-05,4.721611654205765e-05,0.9004893964110929,0.8578410148620605
30.0,-1,COVER_ùõÇ_100,409.0,409.0,389.0,15.33530616760254,129.0,0.0,4.672358461956002e-06,2.627821474646064e-05,0.8999456226209896,0.8582336902618408
30.0,-1,COVER_ùõÇ_200,409.0,409.0,389.0,15.33530616760254,129.0,0.0,4.672358461956002e-06,2.627821474646064e-05,0.8999456226209896,0.8876779079437256
30.0,25,TRAD_BY,409.0,409.0,389.0,15.33530616760254,25.0,0.0,0.0,0.0,0.1065796628602501,1.135934829711914
30.0,25,TRAD_BN,409.0,409.0,389.0,15.33530616760254,25.0,0.0,0.0,0.0,0.1065796628602501,1.1354787349700928
30.0,25,COVER_G_BY,409.0,409.0,389.0,15.33530616760254,25.0,4.037276366621921e-288,4.1364974376372483e-13,4.136497462205388e-13,0.7411636759108211,1.270362138748169
30.0,25,COVER_G_BN,409.0,409.0,389.0,15.33530616760254,25.0,4.037276366621921e-288,4.1364974376372483e-13,4.136497462205388e-13,0.7411636759108211,1.266516923904419
30.0,25,COVER_ùõÇ_20,409.0,409.0,389.0,15.33530616760254,25.0,4.037276366621921e-288,4.1364974376372483e-13,4.136497462205388e-13,0.7411636759108211,0.2153573036193847
30.0,25,COVER_ùõÇ_50,409.0,409.0,389.0,15.33530616760254,25.0,4.037276366621921e-288,4.1364974376372483e-13,4.136497462205388e-13,0.7411636759108211,0.4643101692199707
30.0,25,COVER_ùõÇ_100,409.0,409.0,389.0,15.33530616760254,25.0,4.037276366621921e-288,4.1364974376372483e-13,4.136497462205388e-13,0.7411636759108211,0.3172330856323242
30.0,25,COVER_ùõÇ_200,409.0,409.0,389.0,15.33530616760254,25.0,4.037276366621921e-288,4.1364974376372483e-13,4.136497462205388e-13,0.7411636759108211,0.3802490234375
30.0,20,TRAD_BY,409.0,409.0,389.0,15.33530616760254,20.0,0.0,0.0,0.0,0.0935290918977705,1.1541118621826172
30.0,20,TRAD_BN,409.0,409.0,389.0,15.33530616760254,20.0,0.0,0.0,0.0,0.0935290918977705,1.151413917541504
30.0,20,COVER_G_BY,409.0,409.0,389.0,15.33530616760254,20.0,4.037276366621921e-288,4.1364974376372483e-13,4.1364974376372483e-13,0.7107123436650353,1.3106789588928225
30.0,20,COVER_G_BN,409.0,409.0,389.0,15.33530616760254,20.0,4.037276366621921e-288,4.1364974376372483e-13,4.1364974376372483e-13,0.7107123436650353,1.3395278453826904
30.0,20,COVER_ùõÇ_20,409.0,409.0,389.0,15.33530616760254,20.0,4.037276366621921e-288,4.1364974376372483e-13,4.136497462205388e-13,0.7107123436650353,0.230288028717041
30.0,20,COVER_ùõÇ_50,409.0,409.0,389.0,15.33530616760254,20.0,4.037276366621921e-288,4.1364974376372483e-13,4.136497462205388e-13,0.7107123436650353,0.2298040390014648
30.0,20,COVER_ùõÇ_100,409.0,409.0,389.0,15.33530616760254,20.0,4.037276366621921e-288,4.1364974376372483e-13,4.136497462205388e-13,0.7107123436650353,0.2061028480529785
30.0,20,COVER_ùõÇ_200,409.0,409.0,389.0,15.33530616760254,20.0,4.037276366621921e-288,4.1364974376372483e-13,4.136497462205388e-13,0.7107123436650353,0.1677780151367187
30.0,15,TRAD_BY,409.0,409.0,389.0,15.33530616760254,15.0,0.0,0.0,0.0,0.077215878194671,1.1332757472991943
30.0,15,TRAD_BN,409.0,409.0,389.0,15.33530616760254,15.0,0.0,0.0,0.0,0.077215878194671,1.133808135986328
30.0,15,COVER_G_BY,409.0,409.0,389.0,15.33530616760254,15.0,4.037276366621921e-288,4.1364974376372483e-13,4.1364974376372483e-13,0.6710168569874932,1.2313628196716309
30.0,15,COVER_G_BN,409.0,409.0,389.0,15.33530616760254,15.0,4.037276366621921e-288,4.1364974376372483e-13,4.1364974376372483e-13,0.6710168569874932,1.2358558177947998
30.0,15,COVER_ùõÇ_20,409.0,409.0,389.0,15.33530616760254,15.0,4.037276366621921e-288,4.1364974376372483e-13,4.1364974376372483e-13,0.6710168569874932,0.2681541442871094
30.0,15,COVER_ùõÇ_50,409.0,409.0,389.0,15.33530616760254,15.0,4.037276366621921e-288,4.1364974376372483e-13,4.1364974376372483e-13,0.6710168569874932,0.2503259181976318
30.0,15,COVER_ùõÇ_100,409.0,409.0,389.0,15.33530616760254,15.0,4.037276366621921e-288,4.1364974376372483e-13,4.1364974376372483e-13,0.6710168569874932,0.1385290622711181
30.0,15,COVER_ùõÇ_200,409.0,409.0,389.0,15.33530616760254,15.0,4.037276366621921e-288,4.1364974376372483e-13,4.1364974376372483e-13,0.6710168569874932,0.1922323703765869
30.0,10,TRAD_BY,409.0,409.0,389.0,15.33530616760254,10.0,0.0,0.0,0.0,0.0527460576400217,1.1312158107757568
30.0,10,TRAD_BN,409.0,409.0,389.0,15.33530616760254,10.0,0.0,0.0,0.0,0.0527460576400217,1.131213903427124
30.0,10,COVER_G_BY,409.0,409.0,389.0,15.33530616760254,10.0,4.037276366621921e-288,4.1364974376372483e-13,4.1364974376372483e-13,0.6188145731375748,1.205132007598877
30.0,10,COVER_G_BN,409.0,409.0,389.0,15.33530616760254,10.0,4.037276366621921e-288,4.1364974376372483e-13,4.1364974376372483e-13,0.6188145731375748,1.2087197303771973
30.0,10,COVER_ùõÇ_20,409.0,409.0,389.0,15.33530616760254,10.0,4.037276366621921e-288,4.1364974376372483e-13,4.1364974376372483e-13,0.6188145731375748,0.0910830497741699
30.0,10,COVER_ùõÇ_50,409.0,409.0,389.0,15.33530616760254,10.0,4.037276366621921e-288,4.1364974376372483e-13,4.1364974376372483e-13,0.6188145731375748,0.0947999954223632
30.0,10,COVER_ùõÇ_100,409.0,409.0,389.0,15.33530616760254,10.0,4.037276366621921e-288,4.1364974376372483e-13,4.1364974376372483e-13,0.6188145731375748,0.0850179195404052
30.0,10,COVER_ùõÇ_200,409.0,409.0,389.0,15.33530616760254,10.0,4.037276366621921e-288,4.1364974376372483e-13,4.1364974376372483e-13,0.6188145731375748,0.0849509239196777
30.0,5,TRAD_BY,409.0,409.0,389.0,15.33530616760254,5.0,0.0,0.0,0.0,0.0299075584556824,1.129673719406128
30.0,5,TRAD_BN,409.0,409.0,389.0,15.33530616760254,5.0,0.0,0.0,0.0,0.0299075584556824,1.1288928985595703
30.0,5,COVER_G_BY,409.0,409.0,389.0,15.33530616760254,5.0,4.037276366621921e-288,2.821581641916003e-57,2.8215816423559527e-57,0.5100598151169113,1.1822714805603027
30.0,5,COVER_G_BN,409.0,409.0,389.0,15.33530616760254,5.0,4.037276366621921e-288,2.821581641916003e-57,2.8215816423559527e-57,0.5100598151169113,1.1812405586242676
30.0,5,COVER_ùõÇ_20,409.0,409.0,389.0,15.33530616760254,5.0,4.037276366621921e-288,2.821581641916003e-57,2.8215816423559527e-57,0.5100598151169113,0.0452220439910888
30.0,5,COVER_ùõÇ_50,409.0,409.0,389.0,15.33530616760254,5.0,4.037276366621921e-288,2.821581641916003e-57,2.8215816423559527e-57,0.5100598151169113,0.0453629493713378
30.0,5,COVER_ùõÇ_100,409.0,409.0,389.0,15.33530616760254,5.0,4.037276366621921e-288,2.821581641916003e-57,2.8215816423559527e-57,0.5100598151169113,0.0524628162384033
30.0,5,COVER_ùõÇ_200,409.0,409.0,389.0,15.33530616760254,5.0,4.037276366621921e-288,2.821581641916003e-57,2.8215816423559527e-57,0.5100598151169113,0.045907974243164
40.0,-1,TRAD_BY,545.0,545.0,522.0,15.33530616760254,506.0,0.0,0.0070475391836516,0.1098950590787408,0.9439912996193583,1.7067809104919434
40.0,-1,TRAD_BN,545.0,545.0,522.0,15.33530616760254,448.0,0.0,8.565231553122837e-05,0.0017736024493916,0.9412724306688418,1.6848158836364746
40.0,-1,COVER_G_BY,545.0,545.0,522.0,15.33530616760254,128.0,0.0,0.0064064938001804,0.0099880937154436,0.9439912996193583,2.13067889213562
40.0,-1,COVER_G_BN,545.0,545.0,522.0,15.33530616760254,124.0,0.0,8.565231553122837e-05,0.0002918306184304,0.9412724306688418,2.1678807735443115
40.0,-1,COVER_ùõÇ_20,545.0,545.0,522.0,15.33530616760254,123.0,0.0,8.565231553122837e-05,0.0002396282092187,0.9407286568787384,0.8219122886657715
40.0,-1,COVER_ùõÇ_50,545.0,545.0,522.0,15.33530616760254,121.0,0.0,2.0246291858225547e-05,9.560699076567186e-05,0.9390973355084284,0.8804669380187988
40.0,-1,COVER_ùõÇ_100,545.0,545.0,522.0,15.33530616760254,120.0,0.0,1.8907833970074623e-05,7.536069890744632e-05,0.9385535617183252,0.9008140563964844
40.0,-1,COVER_ùõÇ_200,545.0,545.0,522.0,15.33530616760254,119.0,0.0,4.913062690517025e-06,2.7702778008534103e-05,0.936378466557912,0.989689826965332
40.0,25,TRAD_BY,545.0,545.0,522.0,15.33530616760254,25.0,0.0,0.0,0.0,0.33278955954323,1.6309659481048584
40.0,25,TRAD_BN,545.0,545.0,522.0,15.33530616760254,25.0,0.0,0.0,0.0,0.33278955954323,1.6299140453338623
40.0,25,COVER_G_BY,545.0,545.0,522.0,15.33530616760254,25.0,0.0,4.583801248774936e-13,8.721000473674128e-13,0.8151169113648722,1.8000819683074951
40.0,25,COVER_G_BN,545.0,545.0,522.0,15.33530616760254,25.0,0.0,4.583801248774936e-13,8.721000473674128e-13,0.8151169113648722,1.7812209129333496
40.0,25,COVER_ùõÇ_20,545.0,545.0,522.0,15.33530616760254,25.0,0.0,4.583801248774936e-13,8.721000473674128e-13,0.8151169113648722,0.1995031833648681
40.0,25,COVER_ùõÇ_50,545.0,545.0,522.0,15.33530616760254,25.0,0.0,4.583801248774936e-13,8.721000473674128e-13,0.8151169113648722,0.2256388664245605
40.0,25,COVER_ùõÇ_100,545.0,545.0,522.0,15.33530616760254,25.0,0.0,4.583801248774936e-13,8.721000473674128e-13,0.8151169113648722,0.1977326869964599
40.0,25,COVER_ùõÇ_200,545.0,545.0,522.0,15.33530616760254,25.0,0.0,4.583801248774936e-13,8.721000473674128e-13,0.8151169113648722,0.2070846557617187
40.0,20,TRAD_BY,545.0,545.0,522.0,15.33530616760254,20.0,0.0,0.0,0.0,0.3153887982599239,1.6293177604675293
40.0,20,TRAD_BN,545.0,545.0,522.0,15.33530616760254,20.0,0.0,0.0,0.0,0.3153887982599239,1.627882957458496
40.0,20,COVER_G_BY,545.0,545.0,522.0,15.33530616760254,20.0,0.0,4.1364974376372483e-13,4.137199224899191e-13,0.7911908646003263,1.758265733718872
40.0,20,COVER_G_BN,545.0,545.0,522.0,15.33530616760254,20.0,0.0,4.1364974376372483e-13,4.137199224899191e-13,0.7911908646003263,1.7697908878326416
40.0,20,COVER_ùõÇ_20,545.0,545.0,522.0,15.33530616760254,20.0,0.0,4.1364974376372483e-13,4.137199224899191e-13,0.7911908646003263,0.1754240989685058
40.0,20,COVER_ùõÇ_50,545.0,545.0,522.0,15.33530616760254,20.0,0.0,4.1364974376372483e-13,4.137199224899191e-13,0.7911908646003263,0.1965951919555664
40.0,20,COVER_ùõÇ_100,545.0,545.0,522.0,15.33530616760254,20.0,0.0,4.1364974376372483e-13,4.137199224899191e-13,0.7911908646003263,0.1624090671539306
40.0,20,COVER_ùõÇ_200,545.0,545.0,522.0,15.33530616760254,20.0,0.0,4.1364974376372483e-13,4.137199224899191e-13,0.7911908646003263,0.1361811161041259
40.0,15,TRAD_BY,545.0,545.0,522.0,15.33530616760254,15.0,0.0,0.0,0.0,0.2865687873844481,1.6248600482940674
40.0,15,TRAD_BN,545.0,545.0,522.0,15.33530616760254,15.0,0.0,0.0,0.0,0.2865687873844481,1.6259639263153076
40.0,15,COVER_G_BY,545.0,545.0,522.0,15.33530616760254,15.0,0.0,7.017872619434469e-17,7.017872619434469e-17,0.7553017944535073,1.7405507564544678
40.0,15,COVER_G_BN,545.0,545.0,522.0,15.33530616760254,15.0,0.0,7.017872619434469e-17,7.017872619434469e-17,0.7553017944535073,1.7442476749420166
40.0,15,COVER_ùõÇ_20,545.0,545.0,522.0,15.33530616760254,15.0,0.0,4.1364974376372483e-13,4.1364974376372483e-13,0.7553017944535073,0.1449780464172363
40.0,15,COVER_ùõÇ_50,545.0,545.0,522.0,15.33530616760254,15.0,0.0,4.1364974376372483e-13,4.1364974376372483e-13,0.7553017944535073,0.142740249633789
40.0,15,COVER_ùõÇ_100,545.0,545.0,522.0,15.33530616760254,15.0,0.0,4.1364974376372483e-13,4.1364974376372483e-13,0.7553017944535073,0.1649949550628662
40.0,15,COVER_ùõÇ_200,545.0,545.0,522.0,15.33530616760254,15.0,0.0,4.1364974376372483e-13,4.1364974376372483e-13,0.7553017944535073,0.139064073562622
40.0,10,TRAD_BY,545.0,545.0,522.0,15.33530616760254,10.0,0.0,0.0,0.0,0.2729744426318651,1.62335467338562
40.0,10,TRAD_BN,545.0,545.0,522.0,15.33530616760254,10.0,0.0,0.0,0.0,0.2729744426318651,1.623194694519043
40.0,10,COVER_G_BY,545.0,545.0,522.0,15.33530616760254,10.0,0.0,8.658744789772344e-64,8.658744796312138e-64,0.689505165851006,1.6930859088897705
40.0,10,COVER_G_BN,545.0,545.0,522.0,15.33530616760254,10.0,0.0,8.658744789772344e-64,8.658744796312138e-64,0.689505165851006,1.6867177486419678
40.0,10,COVER_ùõÇ_20,545.0,545.0,522.0,15.33530616760254,10.0,0.0,3.1136301704527425e-61,3.122288915249056e-61,0.689505165851006,0.0849049091339111
40.0,10,COVER_ùõÇ_50,545.0,545.0,522.0,15.33530616760254,10.0,0.0,3.1136301704527425e-61,3.122288915249056e-61,0.689505165851006,0.0749402046203613
40.0,10,COVER_ùõÇ_100,545.0,545.0,522.0,15.33530616760254,10.0,0.0,3.1136301704527425e-61,3.122288915249056e-61,0.689505165851006,0.0725462436676025
40.0,10,COVER_ùõÇ_200,545.0,545.0,522.0,15.33530616760254,10.0,0.0,3.1136301704527425e-61,3.122288915249056e-61,0.689505165851006,0.0723907947540283
40.0,5,TRAD_BY,545.0,545.0,522.0,15.33530616760254,5.0,0.0,0.0,0.0,0.2550299075584556,1.6218578815460205
40.0,5,TRAD_BN,545.0,545.0,522.0,15.33530616760254,5.0,0.0,0.0,0.0,0.2550299075584556,1.621337890625
40.0,5,COVER_G_BY,545.0,545.0,522.0,15.33530616760254,5.0,0.0,6.539790094640506e-73,6.539790094640506e-73,0.5622620989668298,1.6647980213165283
40.0,5,COVER_G_BN,545.0,545.0,522.0,15.33530616760254,5.0,0.0,6.539790094640506e-73,6.539790094640506e-73,0.5622620989668298,1.667381763458252
40.0,5,COVER_ùõÇ_20,545.0,545.0,522.0,15.33530616760254,5.0,0.0,6.539790094640506e-73,6.539790094640506e-73,0.5622620989668298,0.0393106937408447
40.0,5,COVER_ùõÇ_50,545.0,545.0,522.0,15.33530616760254,5.0,0.0,6.539790094640506e-73,6.539790094640506e-73,0.5622620989668298,0.0394618511199951
40.0,5,COVER_ùõÇ_100,545.0,545.0,522.0,15.33530616760254,5.0,0.0,6.539790094640506e-73,6.539790094640506e-73,0.5622620989668298,0.0450618267059326
40.0,5,COVER_ùõÇ_200,545.0,545.0,522.0,15.33530616760254,5.0,0.0,6.539790094640506e-73,6.539790094640506e-73,0.5622620989668298,0.0472209453582763
50.0,-1,TRAD_BY,682.0,682.0,647.0,15.33530616760254,624.0,0.0,0.0066065974859908,0.1049571493343718,0.931484502446982,2.356563091278076
50.0,-1,TRAD_BN,682.0,682.0,647.0,15.33530616760254,544.0,0.0,7.229206932806464e-05,0.0015602673059292,0.9206090266449156,2.316455125808716
50.0,-1,COVER_G_BY,682.0,682.0,647.0,15.33530616760254,141.0,0.0,0.0031672109447921,0.01305412394727,0.931484502446982,2.824970006942749
50.0,-1,COVER_G_BN,682.0,682.0,647.0,15.33530616760254,129.0,0.0,4.081693637965502e-05,0.0001364752090901,0.9206090266449156,2.9942140579223637
50.0,-1,COVER_ùõÇ_20,682.0,682.0,647.0,15.33530616760254,129.0,0.0,4.081693637965502e-05,0.0001713385659213,0.9206090266449156,1.0560948848724363
50.0,-1,COVER_ùõÇ_50,682.0,682.0,647.0,15.33530616760254,128.0,0.0,3.882941005216114e-05,9.87370114384614e-05,0.9200652528548124,0.9803121089935304
50.0,-1,COVER_ùõÇ_100,682.0,682.0,647.0,15.33530616760254,128.0,0.0,1.183726815443964e-05,4.457437545361055e-05,0.9184339314845024,1.074307918548584
50.0,-1,COVER_ùõÇ_200,682.0,682.0,647.0,15.33530616760254,127.0,0.0,1.183726815443964e-05,3.665474482407673e-05,0.9178901576943992,1.127506971359253
50.0,25,TRAD_BY,682.0,682.0,647.0,15.33530616760254,25.0,0.0,0.0,0.0,0.0902664491571506,2.2172839641571045
50.0,25,TRAD_BN,682.0,682.0,647.0,15.33530616760254,25.0,0.0,0.0,0.0,0.0902664491571506,2.2152578830718994
50.0,25,COVER_G_BY,682.0,682.0,647.0,15.33530616760254,25.0,0.0,9.769559185301683e-21,9.769559186790665e-21,0.7765089722675367,2.370638847351074
50.0,25,COVER_G_BN,682.0,682.0,647.0,15.33530616760254,25.0,0.0,9.769559185301683e-21,9.769559186790665e-21,0.7765089722675367,2.3669941425323486
50.0,25,COVER_ùõÇ_20,682.0,682.0,647.0,15.33530616760254,25.0,0.0,9.769559185301683e-21,9.769559186790665e-21,0.7759651984774334,0.2232139110565185
50.0,25,COVER_ùõÇ_50,682.0,682.0,647.0,15.33530616760254,25.0,0.0,9.769559185301683e-21,9.769559186790665e-21,0.7759651984774334,0.1881270408630371
50.0,25,COVER_ùõÇ_100,682.0,682.0,647.0,15.33530616760254,25.0,0.0,9.769559185301683e-21,9.769559186790665e-21,0.7759651984774334,0.1918721199035644
50.0,25,COVER_ùõÇ_200,682.0,682.0,647.0,15.33530616760254,25.0,0.0,9.769559185301683e-21,9.769559186790665e-21,0.7759651984774334,0.199841022491455
50.0,20,TRAD_BY,682.0,682.0,647.0,15.33530616760254,20.0,0.0,0.0,0.0,0.0777596519847743,2.215370178222656
50.0,20,TRAD_BN,682.0,682.0,647.0,15.33530616760254,20.0,0.0,0.0,0.0,0.0777596519847743,2.2167482376098637
50.0,20,COVER_G_BY,682.0,682.0,647.0,15.33530616760254,20.0,0.0,9.769559185301683e-21,9.769559186790665e-21,0.7487765089722676,2.3995401859283447
50.0,20,COVER_G_BN,682.0,682.0,647.0,15.33530616760254,20.0,0.0,9.769559185301683e-21,9.769559186790665e-21,0.7487765089722676,2.356660842895508
50.0,20,COVER_ùõÇ_20,682.0,682.0,647.0,15.33530616760254,20.0,0.0,9.769559185301683e-21,9.769559186790665e-21,0.7487765089722676,0.1878290176391601
50.0,20,COVER_ùõÇ_50,682.0,682.0,647.0,15.33530616760254,20.0,0.0,9.769559185301683e-21,9.769559186790665e-21,0.7487765089722676,0.1707210540771484
50.0,20,COVER_ùõÇ_100,682.0,682.0,647.0,15.33530616760254,20.0,0.0,9.769559185301683e-21,9.769559186790665e-21,0.7487765089722676,0.2228889465332031
50.0,20,COVER_ùõÇ_200,682.0,682.0,647.0,15.33530616760254,20.0,0.0,9.769559185301683e-21,9.769559186790665e-21,0.7487765089722676,0.1969101428985595
50.0,15,TRAD_BY,682.0,682.0,647.0,15.33530616760254,15.0,0.0,0.0,0.0,0.0598151169113648,2.2113070487976074
50.0,15,TRAD_BN,682.0,682.0,647.0,15.33530616760254,15.0,0.0,0.0,0.0,0.0598151169113648,2.211007833480835
50.0,15,COVER_G_BY,682.0,682.0,647.0,15.33530616760254,15.0,0.0,9.769559185301683e-21,9.769559185301683e-21,0.7123436650353453,2.336643934249878
50.0,15,COVER_G_BN,682.0,682.0,647.0,15.33530616760254,15.0,0.0,9.769559185301683e-21,9.769559185301683e-21,0.7123436650353453,2.3274619579315186
50.0,15,COVER_ùõÇ_20,682.0,682.0,647.0,15.33530616760254,15.0,0.0,9.769559185301683e-21,9.769559185301683e-21,0.7123436650353453,0.157038927078247
50.0,15,COVER_ùõÇ_50,682.0,682.0,647.0,15.33530616760254,15.0,0.0,9.769559185301683e-21,9.769559185301683e-21,0.7123436650353453,0.1487159729003906
50.0,15,COVER_ùõÇ_100,682.0,682.0,647.0,15.33530616760254,15.0,0.0,9.769559185301683e-21,9.769559185301683e-21,0.7123436650353453,0.1273620128631591
50.0,15,COVER_ùõÇ_200,682.0,682.0,647.0,15.33530616760254,15.0,0.0,9.769559185301683e-21,9.769559185301683e-21,0.7123436650353453,0.1106171607971191
50.0,10,TRAD_BY,682.0,682.0,647.0,15.33530616760254,10.0,0.0,0.0,0.0,0.0473083197389885,2.207921028137207
50.0,10,TRAD_BN,682.0,682.0,647.0,15.33530616760254,10.0,0.0,0.0,0.0,0.0473083197389885,2.2077090740203857
50.0,10,COVER_G_BY,682.0,682.0,647.0,15.33530616760254,10.0,0.0,9.769559185301683e-21,9.769559185301683e-21,0.6514410005437737,2.2776379585266118
50.0,10,COVER_G_BN,682.0,682.0,647.0,15.33530616760254,10.0,0.0,9.769559185301683e-21,9.769559185301683e-21,0.6514410005437737,2.277773141860962
50.0,10,COVER_ùõÇ_20,682.0,682.0,647.0,15.33530616760254,10.0,0.0,9.769559185301683e-21,9.769559185301683e-21,0.6514410005437737,0.0799932479858398
50.0,10,COVER_ùõÇ_50,682.0,682.0,647.0,15.33530616760254,10.0,0.0,9.769559185301683e-21,9.769559185301683e-21,0.6514410005437737,0.0754103660583496
50.0,10,COVER_ùõÇ_100,682.0,682.0,647.0,15.33530616760254,10.0,0.0,9.769559185301683e-21,9.769559185301683e-21,0.6514410005437737,0.0754549503326416
50.0,10,COVER_ùõÇ_200,682.0,682.0,647.0,15.33530616760254,10.0,0.0,9.769559185301683e-21,9.769559185301683e-21,0.6514410005437737,0.0747148990631103
50.0,5,TRAD_BY,682.0,682.0,647.0,15.33530616760254,5.0,0.0,0.0,0.0,0.0250135943447525,2.206329822540283
50.0,5,TRAD_BN,682.0,682.0,647.0,15.33530616760254,5.0,0.0,0.0,0.0,0.0250135943447525,2.206476211547852
50.0,5,COVER_G_BY,682.0,682.0,647.0,15.33530616760254,5.0,0.0,4.399499380667446e-67,4.399499380667446e-67,0.5171288743882545,2.2559218406677246
50.0,5,COVER_G_BN,682.0,682.0,647.0,15.33530616760254,5.0,0.0,4.399499380667446e-67,4.399499380667446e-67,0.5171288743882545,2.25528883934021
50.0,5,COVER_ùõÇ_20,682.0,682.0,647.0,15.33530616760254,5.0,0.0,4.399499380667446e-67,4.399499380667446e-67,0.5171288743882545,0.0442502498626709
50.0,5,COVER_ùõÇ_50,682.0,682.0,647.0,15.33530616760254,5.0,0.0,4.399499380667446e-67,4.399499380667446e-67,0.5171288743882545,0.040971040725708
50.0,5,COVER_ùõÇ_100,682.0,682.0,647.0,15.33530616760254,5.0,0.0,4.399499380667446e-67,4.399499380667446e-67,0.5171288743882545,0.0391726493835449
50.0,5,COVER_ùõÇ_200,682.0,682.0,647.0,15.33530616760254,5.0,0.0,4.399499380667446e-67,4.399499380667446e-67,0.5171288743882545,0.040158987045288
60.0,-1,TRAD_BY,818.0,818.0,782.0,15.33530616760254,759.0,0.0,0.0064064938001804,0.1135359922455705,0.989668297988037,2.3479812145233154
60.0,-1,TRAD_BN,818.0,818.0,782.0,15.33530616760254,669.0,0.0,5.021853142507482e-05,0.0018355200566807,0.982599238716694,2.3011341094970703
60.0,-1,COVER_G_BY,818.0,818.0,782.0,15.33530616760254,92.0,0.0,0.0029726766632314,0.0054789124044245,0.989668297988037,2.591194868087769
60.0,-1,COVER_G_BN,818.0,818.0,782.0,15.33530616760254,86.0,0.0,3.587283820227726e-06,4.1788702646648426e-06,0.982599238716694,2.6066582202911377
60.0,-1,COVER_ùõÇ_20,818.0,818.0,782.0,15.33530616760254,87.0,0.0,3.3435780639884726e-05,5.915372347768128e-05,0.982599238716694,0.6346771717071533
60.0,-1,COVER_ùõÇ_50,818.0,818.0,782.0,15.33530616760254,87.0,0.0,2.0246291858225547e-05,2.571794283779654e-05,0.982599238716694,0.6801388263702393
60.0,-1,COVER_ùõÇ_100,818.0,818.0,782.0,15.33530616760254,87.0,0.0,3.587283820227726e-06,5.471660618185567e-06,0.982599238716694,0.7061929702758789
60.0,-1,COVER_ùõÇ_200,818.0,818.0,782.0,15.33530616760254,87.0,0.0,3.587283820227726e-06,5.471660618185567e-06,0.982599238716694,0.6880860328674316
60.0,25,TRAD_BY,818.0,818.0,782.0,15.33530616760254,25.0,0.0,0.0,0.0,0.1005981511691136,2.21606707572937
60.0,25,TRAD_BN,818.0,818.0,782.0,15.33530616760254,25.0,0.0,0.0,0.0,0.1005981511691136,2.2157108783721924
60.0,25,COVER_G_BY,818.0,818.0,782.0,15.33530616760254,25.0,0.0,0.0004413886876775,0.0004413886876775,0.9157150625339858,2.3687899112701416
60.0,25,COVER_G_BN,818.0,818.0,782.0,15.33530616760254,25.0,0.0,1.927552858979048e-26,2.5556171559613929e-26,0.9135399673735726,2.3912079334259038
60.0,25,COVER_ùõÇ_20,818.0,818.0,782.0,15.33530616760254,25.0,0.0,8.694569907462376e-15,8.76511156934057e-15,0.9135399673735726,0.2316358089447021
60.0,25,COVER_ùõÇ_50,818.0,818.0,782.0,15.33530616760254,25.0,0.0,8.694569907462376e-15,8.76511156934057e-15,0.9135399673735726,0.2052750587463379
60.0,25,COVER_ùõÇ_100,818.0,818.0,782.0,15.33530616760254,25.0,0.0,8.694569907462376e-15,8.76511156934057e-15,0.9135399673735726,0.2330958843231201
60.0,25,COVER_ùõÇ_200,818.0,818.0,782.0,15.33530616760254,25.0,0.0,8.694569907462376e-15,8.76511156934057e-15,0.9135399673735726,0.2275309562683105
60.0,20,TRAD_BY,818.0,818.0,782.0,15.33530616760254,20.0,0.0,0.0,0.0,0.077215878194671,2.216745138168335
60.0,20,TRAD_BN,818.0,818.0,782.0,15.33530616760254,20.0,0.0,0.0,0.0,0.077215878194671,2.214698076248169
60.0,20,COVER_G_BY,818.0,818.0,782.0,15.33530616760254,20.0,0.0,0.0004413886876775,0.0004413886876775,0.8939641109298532,2.3620190620422363
60.0,20,COVER_G_BN,818.0,818.0,782.0,15.33530616760254,20.0,0.0,1.927552858979048e-26,2.5511487066338388e-26,0.8934203371397499,2.3659472465515137
60.0,20,COVER_ùõÇ_20,818.0,818.0,782.0,15.33530616760254,20.0,0.0,7.017872619434469e-17,7.017872621985618e-17,0.8928765633496466,0.1897516250610351
60.0,20,COVER_ùõÇ_50,818.0,818.0,782.0,15.33530616760254,20.0,0.0,7.017872619434469e-17,7.017872621985618e-17,0.8928765633496466,0.1853413581848144
60.0,20,COVER_ùõÇ_100,818.0,818.0,782.0,15.33530616760254,20.0,0.0,7.017872619434469e-17,7.017872621985618e-17,0.8928765633496466,0.1911468505859375
60.0,20,COVER_ùõÇ_200,818.0,818.0,782.0,15.33530616760254,20.0,0.0,7.017872619434469e-17,7.017872621985618e-17,0.8928765633496466,0.1865038871765136
60.0,15,TRAD_BY,818.0,818.0,782.0,15.33530616760254,15.0,0.0,0.0,0.0,0.0609026644915715,2.2135539054870605
60.0,15,TRAD_BN,818.0,818.0,782.0,15.33530616760254,15.0,0.0,0.0,0.0,0.0609026644915715,2.2123351097106934
60.0,15,COVER_G_BY,818.0,818.0,782.0,15.33530616760254,15.0,0.0,6.235958476547906e-27,6.235958476547906e-27,0.8602501359434476,2.332385301589966
60.0,15,COVER_G_BN,818.0,818.0,782.0,15.33530616760254,15.0,0.0,6.235958476547906e-27,6.235958476547906e-27,0.8602501359434476,2.329071283340454
60.0,15,COVER_ùõÇ_20,818.0,818.0,782.0,15.33530616760254,15.0,0.0,6.235958476547906e-27,6.235958476547906e-27,0.8602501359434476,0.1407680511474609
60.0,15,COVER_ùõÇ_50,818.0,818.0,782.0,15.33530616760254,15.0,0.0,6.235958476547906e-27,6.235958476547906e-27,0.8602501359434476,0.1453089714050293
60.0,15,COVER_ùõÇ_100,818.0,818.0,782.0,15.33530616760254,15.0,0.0,6.235958476547906e-27,6.235958476547906e-27,0.8602501359434476,0.1365151405334472
60.0,15,COVER_ùõÇ_200,818.0,818.0,782.0,15.33530616760254,15.0,0.0,6.235958476547906e-27,6.235958476547906e-27,0.8602501359434476,0.1359920501708984
60.0,10,TRAD_BY,818.0,818.0,782.0,15.33530616760254,10.0,0.0,0.0,0.0,0.042958129418162,2.2111918926239014
60.0,10,TRAD_BN,818.0,818.0,782.0,15.33530616760254,10.0,0.0,0.0,0.0,0.042958129418162,2.2099740505218506
60.0,10,COVER_G_BY,818.0,818.0,782.0,15.33530616760254,10.0,0.0,6.235958476547906e-27,6.235958476547906e-27,0.7824904839586732,2.300134897232056
60.0,10,COVER_G_BN,818.0,818.0,782.0,15.33530616760254,10.0,0.0,6.235958476547906e-27,6.235958476547906e-27,0.7824904839586732,2.307646989822388
60.0,10,COVER_ùõÇ_20,818.0,818.0,782.0,15.33530616760254,10.0,0.0,6.235958476547906e-27,6.235958476547906e-27,0.7824904839586732,0.0971949100494384
60.0,10,COVER_ùõÇ_50,818.0,818.0,782.0,15.33530616760254,10.0,0.0,6.235958476547906e-27,6.235958476547906e-27,0.7824904839586732,0.0979278087615966
60.0,10,COVER_ùõÇ_100,818.0,818.0,782.0,15.33530616760254,10.0,0.0,6.235958476547906e-27,6.235958476547906e-27,0.7824904839586732,0.1011240482330322
60.0,10,COVER_ùõÇ_200,818.0,818.0,782.0,15.33530616760254,10.0,0.0,6.235958476547906e-27,6.235958476547906e-27,0.7824904839586732,0.0977869033813476
60.0,5,TRAD_BY,818.0,818.0,782.0,15.33530616760254,5.0,0.0,0.0,0.0,0.019032082653616,2.209131956100464
60.0,5,TRAD_BN,818.0,818.0,782.0,15.33530616760254,5.0,0.0,0.0,0.0,0.019032082653616,2.209242105484009
60.0,5,COVER_G_BY,818.0,818.0,782.0,15.33530616760254,5.0,0.0,1.967383397710014e-253,1.967383397710014e-253,0.6275149537792278,2.273834228515625
60.0,5,COVER_G_BN,818.0,818.0,782.0,15.33530616760254,5.0,0.0,1.967383397710014e-253,1.967383397710014e-253,0.6275149537792278,2.2792000770568848
60.0,5,COVER_ùõÇ_20,818.0,818.0,782.0,15.33530616760254,5.0,0.0,1.967383397710014e-253,1.967383397710014e-253,0.6275149537792278,0.0550179481506347
60.0,5,COVER_ùõÇ_50,818.0,818.0,782.0,15.33530616760254,5.0,0.0,1.967383397710014e-253,1.967383397710014e-253,0.6275149537792278,0.0525119304656982
60.0,5,COVER_ùõÇ_100,818.0,818.0,782.0,15.33530616760254,5.0,0.0,1.967383397710014e-253,1.967383397710014e-253,0.6275149537792278,0.0521960258483886
60.0,5,COVER_ùõÇ_200,818.0,818.0,782.0,15.33530616760254,5.0,0.0,1.967383397710014e-253,1.967383397710014e-253,0.6275149537792278,0.0533587932586669
70.0,-1,TRAD_BY,954.0,954.0,912.0,15.33530616760254,884.0,0.0,0.0064064938001804,0.1179750369422,0.9923871669385536,2.936067581176758
70.0,-1,TRAD_BN,954.0,954.0,912.0,15.33530616760254,782.0,0.0,5.212908597140648e-05,0.002221677572752,0.9912996193583468,2.8886027336120605
70.0,-1,COVER_G_BY,954.0,954.0,912.0,15.33530616760254,73.0,0.0,0.0029003978291147,0.00312426875781,0.9923871669385536,3.1870217323303223
70.0,-1,COVER_G_BN,954.0,954.0,912.0,15.33530616760254,71.0,0.0,3.178461810319663e-05,7.396709801026751e-05,0.9912996193583468,3.158343553543091
70.0,-1,COVER_ùõÇ_20,954.0,954.0,912.0,15.33530616760254,71.0,0.0,3.178461810319663e-05,8.776717359962037e-05,0.9912996193583468,0.65120530128479
70.0,-1,COVER_ùõÇ_50,954.0,954.0,912.0,15.33530616760254,71.0,0.0,2.192844120646379e-05,5.914149785544246e-05,0.9907558455682436,0.5505189895629883
70.0,-1,COVER_ùõÇ_100,954.0,954.0,912.0,15.33530616760254,72.0,0.0,6.42509252616371e-06,3.401834465503512e-05,0.9907558455682436,0.5146501064300537
70.0,-1,COVER_ùõÇ_200,954.0,954.0,912.0,15.33530616760254,72.0,0.0,6.42509252616371e-06,3.401834465503512e-05,0.9907558455682436,0.4957280158996582
70.0,25,TRAD_BY,954.0,954.0,912.0,15.33530616760254,25.0,0.0,0.0,0.0,0.5715062533985862,2.758089780807495
70.0,25,TRAD_BN,954.0,954.0,912.0,15.33530616760254,25.0,0.0,0.0,0.0,0.5715062533985862,2.75721287727356
70.0,25,COVER_G_BY,954.0,954.0,912.0,15.33530616760254,25.0,0.0,2.7939140224485146e-07,2.7939192821266977e-07,0.9603045133224578,2.890444755554199
70.0,25,COVER_G_BN,954.0,954.0,912.0,15.33530616760254,25.0,0.0,2.7939140224485146e-07,2.7939192821266977e-07,0.9603045133224578,2.889840602874756
70.0,25,COVER_ùõÇ_20,954.0,954.0,912.0,15.33530616760254,25.0,0.0,2.7939140224485146e-07,2.793923865927947e-07,0.9603045133224578,0.1788041591644287
70.0,25,COVER_ùõÇ_50,954.0,954.0,912.0,15.33530616760254,25.0,0.0,2.7939140224485146e-07,2.793923865927947e-07,0.9603045133224578,0.1740429401397705
70.0,25,COVER_ùõÇ_100,954.0,954.0,912.0,15.33530616760254,25.0,0.0,2.7939140224485146e-07,2.793923865927947e-07,0.9603045133224578,0.178661823272705
70.0,25,COVER_ùõÇ_200,954.0,954.0,912.0,15.33530616760254,25.0,0.0,2.7939140224485146e-07,2.793923865927947e-07,0.9603045133224578,0.1730067729949951
70.0,20,TRAD_BY,954.0,954.0,912.0,15.33530616760254,20.0,0.0,0.0,0.0,0.5622620989668298,2.756624460220337
70.0,20,TRAD_BN,954.0,954.0,912.0,15.33530616760254,20.0,0.0,0.0,0.0,0.5622620989668298,2.7558627128601074
70.0,20,COVER_G_BY,954.0,954.0,912.0,15.33530616760254,20.0,0.0,5.259678067453164e-13,5.259678182713981e-13,0.9526916802610114,2.867698431015014
70.0,20,COVER_G_BN,954.0,954.0,912.0,15.33530616760254,20.0,0.0,5.259678067453164e-13,5.259678182713981e-13,0.9526916802610114,2.8653368949890137
70.0,20,COVER_ùõÇ_20,954.0,954.0,912.0,15.33530616760254,20.0,0.0,5.259678067453164e-13,5.259678182713981e-13,0.9526916802610114,0.1579179763793945
70.0,20,COVER_ùõÇ_50,954.0,954.0,912.0,15.33530616760254,20.0,0.0,5.259678067453164e-13,5.259678182713981e-13,0.9526916802610114,0.1518290042877197
70.0,20,COVER_ùõÇ_100,954.0,954.0,912.0,15.33530616760254,20.0,0.0,5.259678067453164e-13,5.259678182713981e-13,0.9526916802610114,0.1494419574737548
70.0,20,COVER_ùõÇ_200,954.0,954.0,912.0,15.33530616760254,20.0,0.0,5.259678067453164e-13,5.259678182713981e-13,0.9526916802610114,0.1430549621582031
70.0,15,TRAD_BY,954.0,954.0,912.0,15.33530616760254,15.0,0.0,0.0,0.0,0.4431756389342033,2.7554259300231934
70.0,15,TRAD_BN,954.0,954.0,912.0,15.33530616760254,15.0,0.0,0.0,0.0,0.4431756389342033,2.754828691482544
70.0,15,COVER_G_BY,954.0,954.0,912.0,15.33530616760254,15.0,0.0,9.769559185301683e-21,9.76956542126016e-21,0.9369222403480152,2.8580658435821533
70.0,15,COVER_G_BN,954.0,954.0,912.0,15.33530616760254,15.0,0.0,9.769559185301683e-21,9.76956542126016e-21,0.9369222403480152,2.847367525100708
70.0,15,COVER_ùõÇ_20,954.0,954.0,912.0,15.33530616760254,15.0,0.0,5.259678067453164e-13,5.259678165148818e-13,0.9369222403480152,0.1066210269927978
70.0,15,COVER_ùõÇ_50,954.0,954.0,912.0,15.33530616760254,15.0,0.0,5.259678067453164e-13,5.259678165148818e-13,0.9369222403480152,0.1075441837310791
70.0,15,COVER_ùõÇ_100,954.0,954.0,912.0,15.33530616760254,15.0,0.0,5.259678067453164e-13,5.259678165148818e-13,0.9369222403480152,0.1074709892272949
70.0,15,COVER_ùõÇ_200,954.0,954.0,912.0,15.33530616760254,15.0,0.0,5.259678067453164e-13,5.259678165148818e-13,0.9369222403480152,0.103348970413208
70.0,10,TRAD_BY,954.0,954.0,912.0,15.33530616760254,10.0,0.0,0.0,0.0,0.4317563893420337,2.755054712295532
70.0,10,TRAD_BN,954.0,954.0,912.0,15.33530616760254,10.0,0.0,0.0,0.0,0.4317563893420337,2.7540268898010254
70.0,10,COVER_G_BY,954.0,954.0,912.0,15.33530616760254,10.0,0.0,6.235958476547906e-27,6.235958476547906e-27,0.9042958129418162,2.830751419067383
70.0,10,COVER_G_BN,954.0,954.0,912.0,15.33530616760254,10.0,0.0,6.235958476547906e-27,6.235958476547906e-27,0.9042958129418162,2.8280346393585205
70.0,10,COVER_ùõÇ_20,954.0,954.0,912.0,15.33530616760254,10.0,0.0,6.235958476547906e-27,6.235958476547906e-27,0.9042958129418162,0.0817010402679443
70.0,10,COVER_ùõÇ_50,954.0,954.0,912.0,15.33530616760254,10.0,0.0,6.235958476547906e-27,6.235958476547906e-27,0.9042958129418162,0.0799448490142822
70.0,10,COVER_ùõÇ_100,954.0,954.0,912.0,15.33530616760254,10.0,0.0,6.235958476547906e-27,6.235958476547906e-27,0.9042958129418162,0.0719799995422363
70.0,10,COVER_ùõÇ_200,954.0,954.0,912.0,15.33530616760254,10.0,0.0,6.235958476547906e-27,6.235958476547906e-27,0.9042958129418162,0.0754210948944091
70.0,5,TRAD_BY,954.0,954.0,912.0,15.33530616760254,5.0,0.0,0.0,0.0,0.4165307232191408,2.752910614013672
70.0,5,TRAD_BN,954.0,954.0,912.0,15.33530616760254,5.0,0.0,0.0,0.0,0.4165307232191408,2.7526886463165283
70.0,5,COVER_G_BY,954.0,954.0,912.0,15.33530616760254,5.0,0.0,4.037276366621921e-288,4.037276366621921e-288,0.8118542686242524,2.8104567527771
70.0,5,COVER_G_BN,954.0,954.0,912.0,15.33530616760254,5.0,0.0,4.037276366621921e-288,4.037276366621921e-288,0.8118542686242524,2.810307741165161
70.0,5,COVER_ùõÇ_20,954.0,954.0,912.0,15.33530616760254,5.0,0.0,4.037276366621921e-288,4.037276366621921e-288,0.8118542686242524,0.0492668151855468
70.0,5,COVER_ùõÇ_50,954.0,954.0,912.0,15.33530616760254,5.0,0.0,4.037276366621921e-288,4.037276366621921e-288,0.8118542686242524,0.0475201606750488
70.0,5,COVER_ùõÇ_100,954.0,954.0,912.0,15.33530616760254,5.0,0.0,4.037276366621921e-288,4.037276366621921e-288,0.8118542686242524,0.0499920845031738
70.0,5,COVER_ùõÇ_200,954.0,954.0,912.0,15.33530616760254,5.0,0.0,4.037276366621921e-288,4.037276366621921e-288,0.8118542686242524,0.0499680042266845
80.0,-1,TRAD_BY,1091.0,1091.0,1033.0,15.33530616760254,1003.0,0.0,0.0064064938001804,0.1566228023208143,0.9945622620989668,3.061473846435547
80.0,-1,TRAD_BN,1091.0,1091.0,1033.0,15.33530616760254,882.0,0.0,4.427706135851844e-05,0.0020832120603256,0.9874932028276238,3.009943008422852
80.0,-1,COVER_G_BY,1091.0,1091.0,1033.0,15.33530616760254,92.0,0.0,0.0019599724635419,0.0043544856729661,0.9945622620989668,3.255780935287476
80.0,-1,COVER_G_BN,1091.0,1091.0,1033.0,15.33530616760254,88.0,0.0,3.882941005216114e-05,4.7513982835850496e-05,0.9874932028276238,3.2702107429504395
80.0,-1,COVER_ùõÇ_20,1091.0,1091.0,1033.0,15.33530616760254,88.0,0.0,3.882941005216114e-05,5.592136994671344e-05,0.9874932028276238,0.6115381717681885
80.0,-1,COVER_ùõÇ_50,1091.0,1091.0,1033.0,15.33530616760254,88.0,0.0,3.882941005216114e-05,5.592136994671344e-05,0.9874932028276238,0.6118812561035156
80.0,-1,COVER_ùõÇ_100,1091.0,1091.0,1033.0,15.33530616760254,88.0,0.0,7.919630629533823e-06,1.7091959894552288e-05,0.9858618814573138,0.6154589653015137
80.0,-1,COVER_ùõÇ_200,1091.0,1091.0,1033.0,15.33530616760254,88.0,0.0,4.800118975064578e-06,9.172329265018469e-06,0.9858618814573138,0.648690938949585
80.0,25,TRAD_BY,1091.0,1091.0,1033.0,15.33530616760254,25.0,0.0,0.0,0.0,0.1114736269711799,2.879286050796509
80.0,25,TRAD_BN,1091.0,1091.0,1033.0,15.33530616760254,25.0,0.0,0.0,0.0,0.1114736269711799,2.877747058868408
80.0,25,COVER_G_BY,1091.0,1091.0,1033.0,15.33530616760254,25.0,0.0,0.0004413886876775,0.0004802180977349,0.9222403480152256,3.014288187026977
80.0,25,COVER_G_BN,1091.0,1091.0,1033.0,15.33530616760254,25.0,0.0,3.882941005216114e-05,3.882941005735284e-05,0.919521479064709,3.0215728282928467
80.0,25,COVER_ùõÇ_20,1091.0,1091.0,1033.0,15.33530616760254,25.0,0.0,3.882941005216114e-05,3.882941005735284e-05,0.919521479064709,0.1949939727783203
80.0,25,COVER_ùõÇ_50,1091.0,1091.0,1033.0,15.33530616760254,25.0,0.0,3.882941005216114e-05,3.882941005735284e-05,0.919521479064709,0.1845078468322754
80.0,25,COVER_ùõÇ_100,1091.0,1091.0,1033.0,15.33530616760254,25.0,0.0,5.191700093537289e-15,5.191700093543526e-15,0.9189777052746058,0.2030320167541504
80.0,25,COVER_ùõÇ_200,1091.0,1091.0,1033.0,15.33530616760254,25.0,0.0,5.191700093537289e-15,5.191700093543526e-15,0.9189777052746058,0.1897878646850586
80.0,20,TRAD_BY,1091.0,1091.0,1033.0,15.33530616760254,20.0,0.0,0.0,0.0,0.0853724850462207,2.878117084503174
80.0,20,TRAD_BN,1091.0,1091.0,1033.0,15.33530616760254,20.0,0.0,0.0,0.0,0.0853724850462207,2.8774280548095703
80.0,20,COVER_G_BY,1091.0,1091.0,1033.0,15.33530616760254,20.0,0.0,0.0004413886876775,0.0004413886876775,0.9042958129418162,3.000233888626098
80.0,20,COVER_G_BN,1091.0,1091.0,1033.0,15.33530616760254,20.0,0.0,6.235958476547906e-27,6.235958476547906e-27,0.9032082653616096,3.029932975769043
80.0,20,COVER_ùõÇ_20,1091.0,1091.0,1033.0,15.33530616760254,20.0,0.0,6.235958476547906e-27,6.235958476547906e-27,0.9032082653616096,0.1639149188995361
80.0,20,COVER_ùõÇ_50,1091.0,1091.0,1033.0,15.33530616760254,20.0,0.0,6.235958476547906e-27,6.235958476547906e-27,0.9032082653616096,0.1557161808013916
80.0,20,COVER_ùõÇ_100,1091.0,1091.0,1033.0,15.33530616760254,20.0,0.0,6.235958476547906e-27,6.235958476547906e-27,0.9032082653616096,0.1525928974151611
80.0,20,COVER_ùõÇ_200,1091.0,1091.0,1033.0,15.33530616760254,20.0,0.0,6.235958476547906e-27,6.235958476547906e-27,0.9032082653616096,0.1560678482055664
80.0,15,TRAD_BY,1091.0,1091.0,1033.0,15.33530616760254,15.0,0.0,0.0,0.0,0.065252854812398,2.8761627674102783
80.0,15,TRAD_BN,1091.0,1091.0,1033.0,15.33530616760254,15.0,0.0,0.0,0.0,0.065252854812398,2.874322891235352
80.0,15,COVER_G_BY,1091.0,1091.0,1033.0,15.33530616760254,15.0,0.0,6.235958476547906e-27,6.235958476547906e-27,0.8733007069059271,2.976829767227173
80.0,15,COVER_G_BN,1091.0,1091.0,1033.0,15.33530616760254,15.0,0.0,6.235958476547906e-27,6.235958476547906e-27,0.8733007069059271,2.979131937026977
80.0,15,COVER_ùõÇ_20,1091.0,1091.0,1033.0,15.33530616760254,15.0,0.0,6.235958476547906e-27,6.235958476547906e-27,0.8733007069059271,0.1134071350097656
80.0,15,COVER_ùõÇ_50,1091.0,1091.0,1033.0,15.33530616760254,15.0,0.0,6.235958476547906e-27,6.235958476547906e-27,0.8733007069059271,0.1141309738159179
80.0,15,COVER_ùõÇ_100,1091.0,1091.0,1033.0,15.33530616760254,15.0,0.0,6.235958476547906e-27,6.235958476547906e-27,0.8733007069059271,0.1109559535980224
80.0,15,COVER_ùõÇ_200,1091.0,1091.0,1033.0,15.33530616760254,15.0,0.0,6.235958476547906e-27,6.235958476547906e-27,0.8733007069059271,0.1163141727447509
80.0,10,TRAD_BY,1091.0,1091.0,1033.0,15.33530616760254,10.0,0.0,0.0,0.0,0.0451332245785753,2.873544931411743
80.0,10,TRAD_BN,1091.0,1091.0,1033.0,15.33530616760254,10.0,0.0,0.0,0.0,0.0451332245785753,2.873210191726685
80.0,10,COVER_G_BY,1091.0,1091.0,1033.0,15.33530616760254,10.0,0.0,8.025298348956863e-143,8.026076245689407e-143,0.8123980424143556,2.957775831222534
80.0,10,COVER_G_BN,1091.0,1091.0,1033.0,15.33530616760254,10.0,0.0,8.025298348956863e-143,8.026076245689407e-143,0.8123980424143556,2.956908941268921
80.0,10,COVER_ùõÇ_20,1091.0,1091.0,1033.0,15.33530616760254,10.0,0.0,3.104492760515696e-120,3.104492760515696e-120,0.811310494834149,0.0801541805267334
80.0,10,COVER_ùõÇ_50,1091.0,1091.0,1033.0,15.33530616760254,10.0,0.0,3.104492760515696e-120,3.104492760515696e-120,0.811310494834149,0.0910427570343017
80.0,10,COVER_ùõÇ_100,1091.0,1091.0,1033.0,15.33530616760254,10.0,0.0,3.104492760515696e-120,3.104492760515696e-120,0.811310494834149,0.0778748989105224
80.0,10,COVER_ùõÇ_200,1091.0,1091.0,1033.0,15.33530616760254,10.0,0.0,3.104492760515696e-120,3.104492760515696e-120,0.811310494834149,0.0823500156402587
80.0,5,TRAD_BY,1091.0,1091.0,1033.0,15.33530616760254,5.0,0.0,0.0,0.0,0.0168569874932028,2.8720319271087646
80.0,5,TRAD_BN,1091.0,1091.0,1033.0,15.33530616760254,5.0,0.0,0.0,0.0,0.0168569874932028,2.871518135070801
80.0,5,COVER_G_BY,1091.0,1091.0,1033.0,15.33530616760254,5.0,0.0,8.025298348956863e-143,8.025298348956863e-143,0.6590538336052202,2.9364027976989746
80.0,5,COVER_G_BN,1091.0,1091.0,1033.0,15.33530616760254,5.0,0.0,8.025298348956863e-143,8.025298348956863e-143,0.6590538336052202,2.9329237937927246
80.0,5,COVER_ùõÇ_20,1091.0,1091.0,1033.0,15.33530616760254,5.0,0.0,8.025298348956863e-143,8.025298348956863e-143,0.6590538336052202,0.0507338047027587
80.0,5,COVER_ùõÇ_50,1091.0,1091.0,1033.0,15.33530616760254,5.0,0.0,8.025298348956863e-143,8.025298348956863e-143,0.6590538336052202,0.0499918460845947
80.0,5,COVER_ùõÇ_100,1091.0,1091.0,1033.0,15.33530616760254,5.0,0.0,8.025298348956863e-143,8.025298348956863e-143,0.6590538336052202,0.0589008331298828
80.0,5,COVER_ùõÇ_200,1091.0,1091.0,1033.0,15.33530616760254,5.0,0.0,8.025298348956863e-143,8.025298348956863e-143,0.6590538336052202,0.0543851852416992
90.0,-1,TRAD_BY,1227.0,1227.0,1168.0,15.33530616760254,1129.0,0.0,0.0059975119903128,0.1529712395487249,0.9945622620989668,3.392483949661255
90.0,-1,TRAD_BN,1227.0,1227.0,1168.0,15.33530616760254,994.0,0.0,4.265700921124324e-05,0.0023453827190911,0.9934747145187602,3.3007888793945312
90.0,-1,COVER_G_BY,1227.0,1227.0,1168.0,15.33530616760254,70.0,0.0,0.0015614400925553,0.0028588834047078,0.9945622620989668,3.476017951965332
90.0,-1,COVER_G_BN,1227.0,1227.0,1168.0,15.33530616760254,69.0,0.0,4.800118975064578e-06,1.3768260500363925e-05,0.9934747145187602,3.475320816040039
90.0,-1,COVER_ùõÇ_20,1227.0,1227.0,1168.0,15.33530616760254,69.0,0.0,5.021853142507482e-05,0.0001767581548767,0.9934747145187602,0.4586119651794433
90.0,-1,COVER_ùõÇ_50,1227.0,1227.0,1168.0,15.33530616760254,70.0,0.0,2.0937901795597005e-05,6.447816706764512e-05,0.9934747145187602,0.4736530780792236
90.0,-1,COVER_ùõÇ_100,1227.0,1227.0,1168.0,15.33530616760254,70.0,0.0,4.800118975064578e-06,1.7497728011883662e-05,0.9934747145187602,0.5031578540802002
90.0,-1,COVER_ùõÇ_200,1227.0,1227.0,1168.0,15.33530616760254,70.0,0.0,4.800118975064578e-06,1.7497728011883662e-05,0.9934747145187602,0.491178035736084
90.0,25,TRAD_BY,1227.0,1227.0,1168.0,15.33530616760254,25.0,0.0,0.0,0.0,0.0951604132680804,3.181166887283325
90.0,25,TRAD_BN,1227.0,1227.0,1168.0,15.33530616760254,25.0,0.0,0.0,0.0,0.0951604132680804,3.1796388626098637
90.0,25,COVER_G_BY,1227.0,1227.0,1168.0,15.33530616760254,25.0,0.0,4.1364974376372483e-13,4.1366660790985443e-13,0.9630233822729743,3.3167519569396973
90.0,25,COVER_G_BN,1227.0,1227.0,1168.0,15.33530616760254,25.0,0.0,4.1364974376372483e-13,4.1366660790985443e-13,0.9630233822729743,3.3183698654174805
90.0,25,COVER_ùõÇ_20,1227.0,1227.0,1168.0,15.33530616760254,25.0,0.0,2.7939140224485146e-07,2.7939181591145937e-07,0.9635671560630776,0.1763231754302978
90.0,25,COVER_ùõÇ_50,1227.0,1227.0,1168.0,15.33530616760254,25.0,0.0,2.7939140224485146e-07,2.7939181591145937e-07,0.9635671560630776,0.1708369255065918
90.0,25,COVER_ùõÇ_100,1227.0,1227.0,1168.0,15.33530616760254,25.0,0.0,2.7939140224485146e-07,2.7939181591145937e-07,0.9635671560630776,0.1726100444793701
90.0,25,COVER_ùõÇ_200,1227.0,1227.0,1168.0,15.33530616760254,25.0,0.0,2.7939140224485146e-07,2.7939181591145937e-07,0.9635671560630776,0.1700921058654785
90.0,20,TRAD_BY,1227.0,1227.0,1168.0,15.33530616760254,20.0,0.0,0.0,0.0,0.0837411636759108,3.179508686065674
90.0,20,TRAD_BN,1227.0,1227.0,1168.0,15.33530616760254,20.0,0.0,0.0,0.0,0.0837411636759108,3.1777141094207764
90.0,20,COVER_G_BY,1227.0,1227.0,1168.0,15.33530616760254,20.0,0.0,4.1364974376372483e-13,4.1365382376120645e-13,0.9548667754214248,3.2992148399353027
90.0,20,COVER_G_BN,1227.0,1227.0,1168.0,15.33530616760254,20.0,0.0,4.1364974376372483e-13,4.1365382376120645e-13,0.9548667754214248,3.294135093688965
90.0,20,COVER_ùõÇ_20,1227.0,1227.0,1168.0,15.33530616760254,20.0,0.0,4.1364974376372483e-13,4.1365382376120645e-13,0.955410549211528,0.1529219150543213
90.0,20,COVER_ùõÇ_50,1227.0,1227.0,1168.0,15.33530616760254,20.0,0.0,4.1364974376372483e-13,4.1365382376120645e-13,0.955410549211528,0.1437990665435791
90.0,20,COVER_ùõÇ_100,1227.0,1227.0,1168.0,15.33530616760254,20.0,0.0,4.1364974376372483e-13,4.1365382376120645e-13,0.955410549211528,0.1425049304962158
90.0,20,COVER_ùõÇ_200,1227.0,1227.0,1168.0,15.33530616760254,20.0,0.0,4.1364974376372483e-13,4.1365382376120645e-13,0.955410549211528,0.1420230865478515
90.0,15,TRAD_BY,1227.0,1227.0,1168.0,15.33530616760254,15.0,0.0,0.0,0.0,0.0603588907014681,3.1776247024536133
90.0,15,TRAD_BN,1227.0,1227.0,1168.0,15.33530616760254,15.0,0.0,0.0,0.0,0.0603588907014681,3.176382064819336
90.0,15,COVER_G_BY,1227.0,1227.0,1168.0,15.33530616760254,15.0,0.0,6.235958476547906e-27,6.235958476547906e-27,0.9412724306688418,3.281752824783325
90.0,15,COVER_G_BN,1227.0,1227.0,1168.0,15.33530616760254,15.0,0.0,6.235958476547906e-27,6.235958476547906e-27,0.9412724306688418,3.278578758239746
90.0,15,COVER_ùõÇ_20,1227.0,1227.0,1168.0,15.33530616760254,15.0,0.0,6.235958476547906e-27,6.235958476547906e-27,0.9412724306688418,0.1290392875671386
90.0,15,COVER_ùõÇ_50,1227.0,1227.0,1168.0,15.33530616760254,15.0,0.0,6.235958476547906e-27,6.235958476547906e-27,0.9412724306688418,0.1203107833862304
90.0,15,COVER_ùõÇ_100,1227.0,1227.0,1168.0,15.33530616760254,15.0,0.0,6.235958476547906e-27,6.235958476547906e-27,0.9412724306688418,0.131533145904541
90.0,15,COVER_ùõÇ_200,1227.0,1227.0,1168.0,15.33530616760254,15.0,0.0,6.235958476547906e-27,6.235958476547906e-27,0.9412724306688418,0.1101441383361816
90.0,10,TRAD_BY,1227.0,1227.0,1168.0,15.33530616760254,10.0,0.0,0.0,0.0,0.0413268080478521,3.175590753555298
90.0,10,TRAD_BN,1227.0,1227.0,1168.0,15.33530616760254,10.0,0.0,0.0,0.0,0.0413268080478521,3.174822807312012
90.0,10,COVER_G_BY,1227.0,1227.0,1168.0,15.33530616760254,10.0,0.0,6.235958476547906e-27,6.235958476547906e-27,0.9070146818923328,3.2598350048065186
90.0,10,COVER_G_BN,1227.0,1227.0,1168.0,15.33530616760254,10.0,0.0,6.235958476547906e-27,6.235958476547906e-27,0.9070146818923328,3.2597429752349854
90.0,10,COVER_ùõÇ_20,1227.0,1227.0,1168.0,15.33530616760254,10.0,0.0,6.235958476547906e-27,6.235958476547906e-27,0.9070146818923328,0.0843160152435302
90.0,10,COVER_ùõÇ_50,1227.0,1227.0,1168.0,15.33530616760254,10.0,0.0,6.235958476547906e-27,6.235958476547906e-27,0.9070146818923328,0.0789470672607421
90.0,10,COVER_ùõÇ_100,1227.0,1227.0,1168.0,15.33530616760254,10.0,0.0,6.235958476547906e-27,6.235958476547906e-27,0.9070146818923328,0.0754549503326416
90.0,10,COVER_ùõÇ_200,1227.0,1227.0,1168.0,15.33530616760254,10.0,0.0,6.235958476547906e-27,6.235958476547906e-27,0.9070146818923328,0.0793540477752685
90.0,5,TRAD_BY,1227.0,1227.0,1168.0,15.33530616760254,5.0,0.0,0.0,0.0,0.0277324632952691,3.1739096641540527
90.0,5,TRAD_BN,1227.0,1227.0,1168.0,15.33530616760254,5.0,0.0,0.0,0.0,0.0277324632952691,3.173092842102051
90.0,5,COVER_G_BY,1227.0,1227.0,1168.0,15.33530616760254,5.0,0.0,4.037276366621921e-288,4.037276366621921e-288,0.8118542686242524,3.240306854248047
90.0,5,COVER_G_BN,1227.0,1227.0,1168.0,15.33530616760254,5.0,0.0,4.037276366621921e-288,4.037276366621921e-288,0.8118542686242524,3.2394609451293945
90.0,5,COVER_ùõÇ_20,1227.0,1227.0,1168.0,15.33530616760254,5.0,0.0,4.037276366621921e-288,4.037276366621921e-288,0.8118542686242524,0.0509381294250488
90.0,5,COVER_ùõÇ_50,1227.0,1227.0,1168.0,15.33530616760254,5.0,0.0,4.037276366621921e-288,4.037276366621921e-288,0.8118542686242524,0.0504660606384277
90.0,5,COVER_ùõÇ_100,1227.0,1227.0,1168.0,15.33530616760254,5.0,0.0,4.037276366621921e-288,4.037276366621921e-288,0.8118542686242524,0.0508017539978027
90.0,5,COVER_ùõÇ_200,1227.0,1227.0,1168.0,15.33530616760254,5.0,0.0,4.037276366621921e-288,4.037276366621921e-288,0.8118542686242524,0.0507209300994873
100.0,-1,TRAD_BY,1364.0,1364.0,1292.0,15.33530616760254,1251.0,0.0,0.0059975119903128,0.1658556644140914,1.0,3.780916929244995
100.0,-1,TRAD_BN,1364.0,1364.0,1292.0,15.33530616760254,1091.0,0.0,3.343578063988478e-05,0.0021862857444165,1.0,3.673571348190308
100.0,-1,COVER_G_BY,1364.0,1364.0,1292.0,15.33530616760254,8.0,0.0,6.235958476547906e-27,6.235958476547906e-27,1.0,3.6290512084960938
100.0,-1,COVER_G_BN,1364.0,1364.0,1292.0,15.33530616760254,8.0,0.0,6.235958476547906e-27,6.235958476547906e-27,1.0,3.630281448364258
100.0,-1,COVER_ùõÇ_20,1364.0,1364.0,1292.0,15.33530616760254,8.0,0.0,6.235958476547906e-27,6.235958476547906e-27,1.0,0.0726797580718994
100.0,-1,COVER_ùõÇ_50,1364.0,1364.0,1292.0,15.33530616760254,8.0,0.0,6.235958476547906e-27,6.235958476547906e-27,1.0,0.0717723369598388
100.0,-1,COVER_ùõÇ_100,1364.0,1364.0,1292.0,15.33530616760254,8.0,0.0,6.235958476547906e-27,6.235958476547906e-27,1.0,0.0745189189910888
100.0,-1,COVER_ùõÇ_200,1364.0,1364.0,1292.0,15.33530616760254,8.0,0.0,6.235958476547906e-27,6.235958476547906e-27,1.0,0.0691909790039062
100.0,25,TRAD_BY,1364.0,1364.0,1292.0,15.33530616760254,25.0,0.0,0.0,0.0,0.1865144100054377,3.554344415664673
100.0,25,TRAD_BN,1364.0,1364.0,1292.0,15.33530616760254,25.0,0.0,0.0,0.0,0.1865144100054377,3.552382230758667
100.0,25,COVER_G_BY,1364.0,1364.0,1292.0,15.33530616760254,8.0,0.0,6.235958476547906e-27,6.235958476547906e-27,1.0,3.6332874298095694
100.0,25,COVER_G_BN,1364.0,1364.0,1292.0,15.33530616760254,8.0,0.0,6.235958476547906e-27,6.235958476547906e-27,1.0,3.629988193511963
100.0,25,COVER_ùõÇ_20,1364.0,1364.0,1292.0,15.33530616760254,8.0,0.0,6.235958476547906e-27,6.235958476547906e-27,1.0,0.0730540752410888
100.0,25,COVER_ùõÇ_50,1364.0,1364.0,1292.0,15.33530616760254,8.0,0.0,6.235958476547906e-27,6.235958476547906e-27,1.0,0.0682427883148193
100.0,25,COVER_ùõÇ_100,1364.0,1364.0,1292.0,15.33530616760254,8.0,0.0,6.235958476547906e-27,6.235958476547906e-27,1.0,0.0666661262512207
100.0,25,COVER_ùõÇ_200,1364.0,1364.0,1292.0,15.33530616760254,8.0,0.0,6.235958476547906e-27,6.235958476547906e-27,1.0,0.0658328533172607
100.0,20,TRAD_BY,1364.0,1364.0,1292.0,15.33530616760254,20.0,0.0,0.0,0.0,0.0897226753670473,3.5527091026306152
100.0,20,TRAD_BN,1364.0,1364.0,1292.0,15.33530616760254,20.0,0.0,0.0,0.0,0.0897226753670473,3.5510342121124268
100.0,20,COVER_G_BY,1364.0,1364.0,1292.0,15.33530616760254,8.0,0.0,6.235958476547906e-27,6.235958476547906e-27,1.0,3.629493951797485
100.0,20,COVER_G_BN,1364.0,1364.0,1292.0,15.33530616760254,8.0,0.0,6.235958476547906e-27,6.235958476547906e-27,1.0,3.630585432052612
100.0,20,COVER_ùõÇ_20,1364.0,1364.0,1292.0,15.33530616760254,8.0,0.0,6.235958476547906e-27,6.235958476547906e-27,1.0,0.0753860473632812
100.0,20,COVER_ùõÇ_50,1364.0,1364.0,1292.0,15.33530616760254,8.0,0.0,6.235958476547906e-27,6.235958476547906e-27,1.0,0.0702810287475586
100.0,20,COVER_ùõÇ_100,1364.0,1364.0,1292.0,15.33530616760254,8.0,0.0,6.235958476547906e-27,6.235958476547906e-27,1.0,0.0662169456481933
100.0,20,COVER_ùõÇ_200,1364.0,1364.0,1292.0,15.33530616760254,8.0,0.0,6.235958476547906e-27,6.235958476547906e-27,1.0,0.0645930767059326
100.0,15,TRAD_BY,1364.0,1364.0,1292.0,15.33530616760254,15.0,0.0,0.0,0.0,0.075584556824361,3.5505871772766118
100.0,15,TRAD_BN,1364.0,1364.0,1292.0,15.33530616760254,15.0,0.0,0.0,0.0,0.075584556824361,3.5496392250061035
100.0,15,COVER_G_BY,1364.0,1364.0,1292.0,15.33530616760254,8.0,0.0,6.235958476547906e-27,6.235958476547906e-27,1.0,3.631166458129883
100.0,15,COVER_G_BN,1364.0,1364.0,1292.0,15.33530616760254,8.0,0.0,6.235958476547906e-27,6.235958476547906e-27,1.0,3.630277156829834
100.0,15,COVER_ùõÇ_20,1364.0,1364.0,1292.0,15.33530616760254,8.0,0.0,6.235958476547906e-27,6.235958476547906e-27,1.0,0.0719008445739746
100.0,15,COVER_ùõÇ_50,1364.0,1364.0,1292.0,15.33530616760254,8.0,0.0,6.235958476547906e-27,6.235958476547906e-27,1.0,0.0668280124664306
100.0,15,COVER_ùõÇ_100,1364.0,1364.0,1292.0,15.33530616760254,8.0,0.0,6.235958476547906e-27,6.235958476547906e-27,1.0,0.0678520202636718
100.0,15,COVER_ùõÇ_200,1364.0,1364.0,1292.0,15.33530616760254,8.0,0.0,6.235958476547906e-27,6.235958476547906e-27,1.0,0.0644059181213378
100.0,10,TRAD_BY,1364.0,1364.0,1292.0,15.33530616760254,10.0,0.0,0.0,0.0,0.0489396411092985,3.5488061904907227
100.0,10,TRAD_BN,1364.0,1364.0,1292.0,15.33530616760254,10.0,0.0,0.0,0.0,0.0489396411092985,3.5479702949523926
100.0,10,COVER_G_BY,1364.0,1364.0,1292.0,15.33530616760254,8.0,0.0,6.235958476547906e-27,6.235958476547906e-27,1.0,3.6318674087524414
100.0,10,COVER_G_BN,1364.0,1364.0,1292.0,15.33530616760254,8.0,0.0,6.235958476547906e-27,6.235958476547906e-27,1.0,3.6267831325531006
100.0,10,COVER_ùõÇ_20,1364.0,1364.0,1292.0,15.33530616760254,8.0,0.0,6.235958476547906e-27,6.235958476547906e-27,1.0,0.0691571235656738
100.0,10,COVER_ùõÇ_50,1364.0,1364.0,1292.0,15.33530616760254,8.0,0.0,6.235958476547906e-27,6.235958476547906e-27,1.0,0.0671637058258056
100.0,10,COVER_ùõÇ_100,1364.0,1364.0,1292.0,15.33530616760254,8.0,0.0,6.235958476547906e-27,6.235958476547906e-27,1.0,0.0661730766296386
100.0,10,COVER_ùõÇ_200,1364.0,1364.0,1292.0,15.33530616760254,8.0,0.0,6.235958476547906e-27,6.235958476547906e-27,1.0,0.0688850879669189
100.0,5,TRAD_BY,1364.0,1364.0,1292.0,15.33530616760254,5.0,0.0,0.0,0.0,0.0255573681348559,3.5468783378601074
100.0,5,TRAD_BN,1364.0,1364.0,1292.0,15.33530616760254,5.0,0.0,0.0,0.0,0.0255573681348559,3.546363115310669
100.0,5,COVER_G_BY,1364.0,1364.0,1292.0,15.33530616760254,5.0,0.0,1.967383397710014e-253,1.967383397710014e-253,0.9070146818923328,3.622511148452759
100.0,5,COVER_G_BN,1364.0,1364.0,1292.0,15.33530616760254,5.0,0.0,1.967383397710014e-253,1.967383397710014e-253,0.9070146818923328,3.620434284210205
100.0,5,COVER_ùõÇ_20,1364.0,1364.0,1292.0,15.33530616760254,5.0,0.0,1.967383397710014e-253,1.967383397710014e-253,0.9070146818923328,0.0539751052856445
100.0,5,COVER_ùõÇ_50,1364.0,1364.0,1292.0,15.33530616760254,5.0,0.0,1.967383397710014e-253,1.967383397710014e-253,0.9070146818923328,0.053351879119873
100.0,5,COVER_ùõÇ_100,1364.0,1364.0,1292.0,15.33530616760254,5.0,0.0,1.967383397710014e-253,1.967383397710014e-253,0.9070146818923328,0.057776927947998
100.0,5,COVER_ùõÇ_200,1364.0,1364.0,1292.0,15.33530616760254,5.0,0.0,1.967383397710014e-253,1.967383397710014e-253,0.9070146818923328,0.054121971130371
